Generation;PopBestRed;PopBestBlue;PopAvgRed;PopAvgBlue;BestOverallRed;BestOverallBlue
0;-2250;0;-11815;0;-2250;0
1;-5100;0;-6945;0;-5100;0
2;-2950;0;-3760;0;-2950;0
3;-2300;0;-10652.5;0;-2300;0
4;-3500;0;-4467.5;0;-3500;0
5;-3750;0;-11455;0;-3750;0
6;-2200;0;-6010;0;-2200;0
7;-5250;0;-5480;0;-5250;0
8;-5400;0;-5492.5;0;-5400;0
9;-3200;0;-3380;0;-3200;0
10;-5100;0;-5207.5;0;-5100;0
11;-2550;0;-5227.5;0;-2550;0
12;-3950;0;-4207.5;0;-3950;0
13;-3050;0;-3210;0;-3050;0
14;-3100;0;-3297.5;0;-3100;0
15;-2650;0;-3615;0;-2650;0
16;-3150;0;-3375;0;-3150;0
17;-13450;0;-13552.5;0;-13450;0
18;-3100;0;-3260;0;-3100;0
19;-4200;0;-4292.5;0;-4200;0
20;-3200;0;-3260;0;-3200;0
21;-3800;0;-4300;0;-3800;0
22;-4200;0;-4327.5;0;-4200;0
23;-12300;0;-12375;0;-12300;0
24;-3300;0;-3340;0;-3300;0
25;-3950;0;-4277.5;0;-3950;0
26;-4150;0;-4375;0;-4150;0
27;-5200;0;-5362.5;0;-5200;0
28;-3350;0;-4562.5;0;-3350;0
29;-12900;0;-13602.5;0;-12900;0
30;-3300;0;-3370;0;-3300;0
31;-3250;0;-3307.5;0;-3250;0
32;-2150;0;-4255;0;-2150;0
33;-4000;0;-4142.5;0;-4000;0
34;-2800;0;-2945;0;-2800;0
35;-4400;0;-13060;0;-4400;0
36;-3000;0;-4680;0;-3000;0
37;-3000;0;-8357.5;0;-3000;0
38;-3150;0;-3302.5;0;-3150;0
39;-13000;0;-13180;0;-13000;0
40;-2450;0;-2697.5;0;-2450;0
41;-1950;0;-3082.5;0;-1950;0
42;-1850;0;-2945;0;-1850;0
43;-12950;0;-13152.5;0;-12950;0
44;-3550;0;-3732.5;0;-3550;0
45;-2600;0;-3145;0;-2600;0
46;-1500;0;-2417.5;0;-1500;0
47;-12300;0;-12455;0;-12300;0
48;-3450;0;-11975;0;-3450;0
49;-2600;0;-2887.5;0;-2600;0
50;-4350;0;-4497.5;0;-4350;0
51;-2500;0;-3362.5;0;-2500;0
52;-13900;0;-14060;0;-13900;0
53;-1100;0;-2437.5;0;-1100;0
54;-5000;0;-5232.5;0;-5000;0
55;-1750;0;-2657.5;0;-1750;0
56;-2550;0;-2705;0;-2550;0
57;-3000;0;-3287.5;0;-3000;0
58;-4350;0;-4410;0;-4350;0
59;-2350;0;-3120;0;-2350;0
60;-4950;0;-5052.5;0;-4950;0
61;-13550;0;-13792.5;0;-13550;0
62;-5150;0;-5982.5;0;-5150;0
63;-3450;0;-12027.5;0;-3450;0
64;-4150;0;-4390;0;-4150;0
65;-4150;0;-4895;0;-4150;0
66;-2550;0;-2760;0;-2550;0
67;-3900;0;-5217.5;0;-3900;0
68;-12250;0;-12382.5;0;-12250;0
69;-3800;0;-4277.5;0;-3800;0
70;-12400;0;-12557.5;0;-12400;0
71;-2700;0;-12190;0;-2700;0
72;-12050;0;-12435;0;-12050;0
73;-13000;0;-13100;0;-13000;0
74;-2750;0;-3350;0;-2750;0
75;-3100;0;-3835;0;-3100;0
76;-12950;0;-13007.5;0;-12950;0
77;-4250;0;-6022.5;0;-4250;0
78;-2200;0;-3330;0;-2200;0
79;-3300;0;-3440;0;-3300;0
80;-4200;0;-4515;0;-4200;0
81;-13150;0;-13380;0;-13150;0
82;-1800;0;-2480;0;-1800;0
83;-12100;0;-12302.5;0;-12100;0
84;-2600;0;-4070;0;-2600;0
85;-3300;0;-3365;0;-3300;0
86;-12050;0;-12075;0;-12050;0
87;-2600;0;-12182.5;0;-2600;0
88;-3850;0;-4122.5;0;-3850;0
89;-4100;0;-4237.5;0;-4100;0
90;-4750;0;-4870;0;-4750;0
91;-1650;0;-1820;0;-1650;0
92;-1500;0;-2355;0;-1500;0
93;-12400;0;-12532.5;0;-12400;0
94;-2650;0;-2845;0;-2650;0
95;-2250;0;-6175;0;-2250;0
96;-12000;0;-12072.5;0;-12000;0
97;-3150;0;-3317.5;0;-3150;0
98;-2450;0;-3365;0;-2450;0
99;200450;0;6015;0;200450;0
100;-3900;0;-12257.5;0;-3900;0
101;-2150;0;-4402.5;0;-2150;0
102;-1050;0;-2745;0;-1050;0
103;-13350;0;-14067.5;0;-13350;0
104;-5300;0;-5942.5;0;-5300;0
105;-1750;0;-4425;0;-1750;0
106;-4100;0;-12747.5;0;-4100;0
107;-3700;0;-4535;0;-3700;0
108;-3300;0;-4975;0;-3300;0
109;-2950;0;-3790;0;-2950;0
110;-3100;0;-4850;0;-3100;0
111;-3400;0;-3685;0;-3400;0
112;-3450;0;-4560;0;-3450;0
113;-12250;0;-12355;0;-12250;0
114;-2850;0;-3607.5;0;-2850;0
115;-3000;0;-3932.5;0;-3000;0
116;-2600;0;-5957.5;0;-2600;0
117;-2450;0;-4322.5;0;-2450;0
118;-3150;0;-4055;0;-3150;0
119;-3350;0;-4570;0;-3350;0
120;-2400;0;-10955;0;-2400;0
121;-13800;0;-13982.5;0;-13800;0
122;-3650;0;-11642.5;0;-3650;0
123;-2550;0;-11705;0;-2550;0
124;-12300;0;-12900;0;-12300;0
125;-12100;0;-12202.5;0;-12100;0
126;-3000;0;-12767.5;0;-3000;0
127;-3150;0;-4092.5;0;-3150;0
128;-3050;0;-10620;0;-3050;0
129;-2750;0;-3052.5;0;-2750;0
130;-12300;0;-12370;0;-12300;0
131;-3550;0;-3772.5;0;-3550;0
132;-2750;0;-3157.5;0;-2750;0
133;-2550;0;-3095;0;-2550;0
134;-13050;0;-13160;0;-13050;0
135;-13600;0;-13755;0;-13600;0
136;-1900;0;-2270;0;-1900;0
137;-2900;0;-3280;0;-2900;0
138;-12950;0;-13127.5;0;-12950;0
139;-3300;0;-3912.5;0;-3300;0
140;-14450;0;-14577.5;0;-14450;0
141;-12300;0;-12392.5;0;-12300;0
142;-5100;0;-5252.5;0;-5100;0
143;-12750;0;-12835;0;-12750;0
144;-3200;0;-3340;0;-3200;0
145;-5150;0;-5430;0;-5150;0
146;-3050;0;-4072.5;0;-3050;0
147;-2900;0;-12582.5;0;-2900;0
148;-13200;0;-13345;0;-13200;0
149;-3150;0;-4377.5;0;-3150;0
150;-4700;0;-5302.5;0;-4700;0
151;-4350;0;-4420;0;-4350;0
152;-13800;0;-14037.5;0;-13800;0
153;-2100;0;-2770;0;-2100;0
154;-3050;0;-10825;0;-3050;0
155;-3050;0;-4427.5;0;-3050;0
156;-3750;0;-4485;0;-3750;0
157;-1850;0;-3400;0;-1850;0
158;-12750;0;-13272.5;0;-12750;0
159;-5350;0;-5435;0;-5350;0
160;-3300;0;-3932.5;0;-3300;0
161;-3250;0;-3912.5;0;-3250;0
162;-1350;0;-2207.5;0;-1350;0
163;-2350;0;-2915;0;-2350;0
164;-13650;0;-14077.5;0;-13650;0
165;-3400;0;-4352.5;0;-3400;0
166;-14350;0;-14672.5;0;-14350;0
167;-12850;0;-12942.5;0;-12850;0
168;-2650;0;-3030;0;-2650;0
169;-4000;0;-4177.5;0;-4000;0
170;-3250;0;-3345;0;-3250;0
171;-13550;0;-13752.5;0;-13550;0
172;-12750;0;-12852.5;0;-12750;0
173;-3150;0;-3352.5;0;-3150;0
174;-5550;0;-14255;0;-5550;0
175;-3150;0;-3260;0;-3150;0
176;-3200;0;-3285;0;-3200;0
177;-2900;0;-3255;0;-2900;0
178;-2700;0;-12965;0;-2700;0
179;-3600;0;-10505;0;-3600;0
180;-3050;0;-12357.5;0;-3050;0
181;-3450;0;-4287.5;0;-3450;0
182;-5250;0;-5382.5;0;-5250;0
183;-5500;0;-11902.5;0;-5500;0
184;200450;0;6880;0;200450;0
185;200400;0;6217.5;0;200400;0
186;200750;0;4920;0;200750;0
187;-3050;0;-9647.5;0;-3050;0
188;-4150;0;-4765;0;-4150;0
189;-3700;0;-4032.5;0;-3700;0
190;-5300;0;-13842.5;0;-5300;0
191;-5150;0;-12595;0;-5150;0
192;-3050;0;-8412.5;0;-3050;0
193;-2900;0;-4115;0;-2900;0
194;-3300;0;-3475;0;-3300;0
195;-6200;0;-6370;0;-6200;0
196;-4850;0;-5347.5;0;-4850;0
197;-2200;0;-12202.5;0;-2200;0
198;-450;0;-2927.5;0;-450;0
199;-3550;0;-10005;0;-3550;0
200;-2600;0;-2932.5;0;-2600;0
201;-1350;0;-2950;0;-1350;0
202;-2100;0;-3127.5;0;-2100;0
203;-3200;0;-11912.5;0;-3200;0
204;-4350;0;-13765;0;-4350;0
205;-1150;0;-4515;0;-1150;0
206;-1050;0;-4805;0;-1050;0
207;-14350;0;-14837.5;0;-14350;0
208;-3200;0;-11467.5;0;-3200;0
209;-13300;0;-14107.5;0;-13300;0
210;-3250;0;-11627.5;0;-3250;0
211;-3250;0;-3420;0;-3250;0
212;-6200;0;-6367.5;0;-6200;0
213;-3700;0;-4455;0;-3700;0
214;-2900;0;-3085;0;-2900;0
215;-5100;0;-13052.5;0;-5100;0
216;-4350;0;-4500;0;-4350;0
217;-3200;0;-10782.5;0;-3200;0
218;-3200;0;-3255;0;-3200;0
219;-4750;0;-5100;0;-4750;0
220;-2100;0;-11305;0;-2100;0
221;-3000;0;-7947.5;0;-3000;0
222;-13000;0;-13182.5;0;-13000;0
223;-5500;0;-14172.5;0;-5500;0
224;-4000;0;-10670;0;-4000;0
225;-3300;0;-10072.5;0;-3300;0
226;-4100;0;-4137.5;0;-4100;0
227;-3200;0;-4442.5;0;-3200;0
228;-4250;0;-4537.5;0;-4250;0
229;-3000;0;-8340;0;-3000;0
230;-3200;0;-3522.5;0;-3200;0
231;-4350;0;-8607.5;0;-4350;0
232;-3950;0;-5017.5;0;-3950;0
233;-4200;0;-4425;0;-4200;0
234;-2850;0;-8405;0;-2850;0
235;-3850;0;-6215;0;-3850;0
236;-2000;0;-3315;0;-2000;0
237;-4900;0;-5060;0;-4900;0
238;-2400;0;-2607.5;0;-2400;0
239;-4100;0;-4375;0;-4100;0
240;-4350;0;-4472.5;0;-4350;0
241;-3200;0;-3937.5;0;-3200;0
242;-3400;0;-3445;0;-3400;0
243;-1750;0;-1922.5;0;-1750;0
244;-12950;0;-13105;0;-12950;0
245;-4350;0;-12802.5;0;-4350;0
246;-3450;0;-3790;0;-3450;0
247;-3250;0;-4237.5;0;-3250;0
248;-3300;0;-3382.5;0;-3300;0
249;-13300;0;-13637.5;0;-13300;0
250;-4050;0;-12900;0;-4050;0
251;-1900;0;-3015;0;-1900;0
252;-4200;0;-4832.5;0;-4200;0
253;-4350;0;-4397.5;0;-4350;0
254;-3200;0;-11607.5;0;-3200;0
255;-3700;0;-3870;0;-3700;0
256;-3950;0;-4160;0;-3950;0
257;-4350;0;-4455;0;-4350;0
258;-2850;0;-2925;0;-2850;0
259;-14200;0;-14860;0;-14200;0
260;-2600;0;-2852.5;0;-2600;0
261;-2200;0;-2857.5;0;-2200;0
262;-14200;0;-14587.5;0;-14200;0
263;-3300;0;-3365;0;-3300;0
264;-4400;0;-4435;0;-4400;0
265;-4200;0;-4397.5;0;-4200;0
266;-3200;0;-3332.5;0;-3200;0
267;-4100;0;-4265;0;-4100;0
268;-4200;0;-4367.5;0;-4200;0
269;-3300;0;-3325;0;-3300;0
270;-2200;0;-3445;0;-2200;0
271;-2350;0;-2692.5;0;-2350;0
272;-12300;0;-12362.5;0;-12300;0
273;-12950;0;-13400;0;-12950;0
274;-12000;0;-12050;0;-12000;0
275;-13050;0;-13155;0;-13050;0
276;-13800;0;-14422.5;0;-13800;0
277;-12350;0;-12675;0;-12350;0
278;-4350;0;-4422.5;0;-4350;0
279;-2700;0;-3215;0;-2700;0
280;-1950;0;-2615;0;-1950;0
281;-13500;0;-13620;0;-13500;0
282;-5300;0;-5422.5;0;-5300;0
283;-3250;0;-3365;0;-3250;0
284;-13900;0;-14450;0;-13900;0
285;-1500;0;-2565;0;-1500;0
286;-13850;0;-14352.5;0;-13850;0
287;-3150;0;-3260;0;-3150;0
288;-3800;0;-11990;0;-3800;0
289;-4450;0;-4655;0;-4450;0
290;-3200;0;-3325;0;-3200;0
291;-3450;0;-4360;0;-3450;0
292;-2900;0;-6817.5;0;-2900;0
293;-2050;0;-2870;0;-2050;0
294;-3000;0;-4490;0;-3000;0
295;-2600;0;-12797.5;0;-2600;0
296;-3300;0;-12565;0;-3300;0
297;-3100;0;-3300;0;-3100;0
298;-2950;0;-3535;0;-2950;0
299;-5250;0;-5315;0;-5250;0
300;-4450;0;-13705;0;-4450;0
301;750;0;-3410;0;750;0
302;-3300;0;-8357.5;0;-3300;0
303;-4000;0;-13435;0;-4000;0
304;-4250;0;-5385;0;-4250;0
305;-13000;0;-13045;0;-13000;0
306;-3650;0;-4325;0;-3650;0
307;-1650;0;-2877.5;0;-1650;0
308;-3650;0;-4552.5;0;-3650;0
309;-12050;0;-12205;0;-12050;0
310;-14050;0;-14927.5;0;-14050;0
311;-13650;0;-14227.5;0;-13650;0
312;-3750;0;-3870;0;-3750;0
313;-13500;0;-13822.5;0;-13500;0
314;-5400;0;-5477.5;0;-5400;0
315;-14350;0;-14622.5;0;-14350;0
316;-4050;0;-4735;0;-4050;0
317;-3400;0;-3805;0;-3400;0
318;-3900;0;-13112.5;0;-3900;0
319;-1250;0;-11505;0;-1250;0
320;-4100;0;-7547.5;0;-4100;0
321;-4450;0;-6987.5;0;-4450;0
322;-3700;0;-11962.5;0;-3700;0
323;-5500;0;-12872.5;0;-5500;0
324;-2650;0;-5215;0;-2650;0
325;-2700;0;-6332.5;0;-2700;0
326;-2150;0;-5895;0;-2150;0
327;-3200;0;-3330;0;-3200;0
328;-4300;0;-4460;0;-4300;0
329;-3450;0;-10615;0;-3450;0
330;-1600;0;-5840;0;-1600;0
331;-2000;0;-2732.5;0;-2000;0
332;-3250;0;-3360;0;-3250;0
333;-900;0;-3222.5;0;-900;0
334;-3000;0;-3587.5;0;-3000;0
335;-3850;0;-13965;0;-3850;0
336;-3300;0;-3370;0;-3300;0
337;-4000;0;-12790;0;-4000;0
338;-12950;0;-13297.5;0;-12950;0
339;-5200;0;-5425;0;-5200;0
340;-2200;0;-3047.5;0;-2200;0
341;-12950;0;-13027.5;0;-12950;0
342;-3900;0;-4755;0;-3900;0
343;600;0;-3530;0;600;0
344;-3450;0;-3502.5;0;-3450;0
345;-4550;0;-5400;0;-4550;0
346;-13400;0;-13492.5;0;-13400;0
347;-13250;0;-13337.5;0;-13250;0
348;-12250;0;-12315;0;-12250;0
349;-3700;0;-3952.5;0;-3700;0
350;-4450;0;-4487.5;0;-4450;0
351;-13300;0;-13565;0;-13300;0
352;-1800;0;-2985;0;-1800;0
353;-3300;0;-3460;0;-3300;0
354;-2550;0;-2915;0;-2550;0
355;-3300;0;-3920;0;-3300;0
356;-4250;0;-4445;0;-4250;0
357;-2700;0;-10720;0;-2700;0
358;-3850;0;-4185;0;-3850;0
359;-12100;0;-12195;0;-12100;0
360;-2900;0;-3125;0;-2900;0
361;-13750;0;-13862.5;0;-13750;0
362;-3050;0;-3667.5;0;-3050;0
363;-4300;0;-4470;0;-4300;0
364;-4200;0;-5440;0;-4200;0
365;-3600;0;-3932.5;0;-3600;0
366;-3950;0;-4055;0;-3950;0
367;-12000;0;-12090;0;-12000;0
368;-4400;0;-13045;0;-4400;0
369;-4900;0;-12687.5;0;-4900;0
370;-3200;0;-3442.5;0;-3200;0
371;-3150;0;-3337.5;0;-3150;0
372;-4450;0;-4487.5;0;-4450;0
373;-13600;0;-13757.5;0;-13600;0
374;-3400;0;-3470;0;-3400;0
375;-4300;0;-4382.5;0;-4300;0
376;-2600;0;-2857.5;0;-2600;0
377;-12100;0;-12162.5;0;-12100;0
378;-13600;0;-13780;0;-13600;0
379;-2700;0;-2867.5;0;-2700;0
380;-2750;0;-3542.5;0;-2750;0
381;-3350;0;-3912.5;0;-3350;0
382;-3500;0;-13600;0;-3500;0
383;-3500;0;-3692.5;0;-3500;0
384;-3450;0;-3622.5;0;-3450;0
385;-4350;0;-4405;0;-4350;0
386;-4550;0;-4712.5;0;-4550;0
387;-2150;0;-2617.5;0;-2150;0
388;-13900;0;-13975;0;-13900;0
389;-2700;0;-3590;0;-2700;0
390;-2600;0;-2975;0;-2600;0
391;-12700;0;-12825;0;-12700;0
392;-2900;0;-3142.5;0;-2900;0
393;-3350;0;-3375;0;-3350;0
394;-5150;0;-5342.5;0;-5150;0
395;-2250;0;-11867.5;0;-2250;0
396;-13100;0;-13212.5;0;-13100;0
397;-14300;0;-14392.5;0;-14300;0
398;-3250;0;-3982.5;0;-3250;0
399;-2250;0;-2547.5;0;-2250;0
400;-5100;0;-5202.5;0;-5100;0
401;-4400;0;-4505;0;-4400;0
402;-2850;0;-12657.5;0;-2850;0
403;-3300;0;-3340;0;-3300;0
404;-2200;0;-11402.5;0;-2200;0
405;-4300;0;-13995;0;-4300;0
406;-1950;0;-10117.5;0;-1950;0
407;-2200;0;-9370;0;-2200;0
408;-4850;0;-5507.5;0;-4850;0
409;-12200;0;-12312.5;0;-12200;0
410;-2800;0;-3002.5;0;-2800;0
411;-2650;0;-12115;0;-2650;0
412;-12200;0;-12300;0;-12200;0
413;-4850;0;-5152.5;0;-4850;0
414;-13450;0;-13592.5;0;-13450;0
415;-3050;0;-3802.5;0;-3050;0
416;-3000;0;-12082.5;0;-3000;0
417;-3650;0;-3790;0;-3650;0
418;-1700;0;-2817.5;0;-1700;0
419;-3850;0;-5155;0;-3850;0
420;-3200;0;-12500;0;-3200;0
421;-2600;0;-3277.5;0;-2600;0
422;-4350;0;-4940;0;-4350;0
423;-2050;0;-9617.5;0;-2050;0
424;-2850;0;-9735;0;-2850;0
425;-3500;0;-4485;0;-3500;0
426;-4050;0;-8737.5;0;-4050;0
427;-4400;0;-4510;0;-4400;0
428;-12750;0;-12912.5;0;-12750;0
429;-2550;0;-10197.5;0;-2550;0
430;-3050;0;-9315;0;-3050;0
431;-2600;0;-3422.5;0;-2600;0
432;-1750;0;-2652.5;0;-1750;0
433;-3900;0;-4272.5;0;-3900;0
434;-3250;0;-3342.5;0;-3250;0
435;-3000;0;-12672.5;0;-3000;0
436;-3200;0;-3380;0;-3200;0
437;-2750;0;-3905;0;-2750;0
438;-3850;0;-4817.5;0;-3850;0
439;-12250;0;-12305;0;-12250;0
440;-4050;0;-4262.5;0;-4050;0
441;-2850;0;-3275;0;-2850;0
442;-5100;0;-5240;0;-5100;0
443;-3350;0;-3442.5;0;-3350;0
444;-5450;0;-5477.5;0;-5450;0
445;-12700;0;-12792.5;0;-12700;0
446;-3350;0;-3397.5;0;-3350;0
447;-2100;0;-11302.5;0;-2100;0
448;-12250;0;-12397.5;0;-12250;0
449;-4250;0;-4455;0;-4250;0
450;-3450;0;-13067.5;0;-3450;0
451;-2700;0;-4122.5;0;-2700;0
452;-2700;0;-3372.5;0;-2700;0
453;-2850;0;-3552.5;0;-2850;0
454;-3300;0;-3340;0;-3300;0
455;-1200;0;-1902.5;0;-1200;0
456;-2200;0;-10402.5;0;-2200;0
457;-1850;0;-12017.5;0;-1850;0
458;-13800;0;-13890;0;-13800;0
459;-3050;0;-3682.5;0;-3050;0
460;-2250;0;-10925;0;-2250;0
461;-3900;0;-4307.5;0;-3900;0
462;-4000;0;-4377.5;0;-4000;0
463;-12800;0;-13000;0;-12800;0
464;-12800;0;-12845;0;-12800;0
465;-13400;0;-13442.5;0;-13400;0
466;-12950;0;-13010;0;-12950;0
467;-3350;0;-11807.5;0;-3350;0
468;-12200;0;-12450;0;-12200;0
469;-4450;0;-13895;0;-4450;0
470;-2200;0;-4007.5;0;-2200;0
471;-3300;0;-3367.5;0;-3300;0
472;-12150;0;-12210;0;-12150;0
473;-3600;0;-4312.5;0;-3600;0
474;-13000;0;-13037.5;0;-13000;0
475;-12100;0;-12187.5;0;-12100;0
476;-12300;0;-12435;0;-12300;0
477;-12900;0;-13042.5;0;-12900;0
478;-4250;0;-4397.5;0;-4250;0
479;-3300;0;-10930;0;-3300;0
480;-13950;0;-14042.5;0;-13950;0
481;-3950;0;-4387.5;0;-3950;0
482;-3400;0;-10565;0;-3400;0
483;-2600;0;-3037.5;0;-2600;0
484;-5050;0;-5332.5;0;-5050;0
485;-6100;0;-6230;0;-6100;0
486;-12200;0;-12237.5;0;-12200;0
487;-4350;0;-4947.5;0;-4350;0
488;-6200;0;-6297.5;0;-6200;0
489;-5450;0;-5562.5;0;-5450;0
490;-4100;0;-4302.5;0;-4100;0
491;-2600;0;-3380;0;-2600;0
492;-5450;0;-5510;0;-5450;0
493;-3550;0;-3895;0;-3550;0
494;-5150;0;-5252.5;0;-5150;0
495;-3950;0;-4360;0;-3950;0
496;-2450;0;-2850;0;-2450;0
497;-12150;0;-12267.5;0;-12150;0
498;-4350;0;-4465;0;-4350;0
499;-13600;0;-14430;0;-13600;0
500;-3950;0;-4225;0;-3950;0
501;-3550;0;-4930;0;-3550;0
502;-3300;0;-3347.5;0;-3300;0
503;-4800;0;-5212.5;0;-4800;0
504;-12450;0;-13010;0;-12450;0
505;-5200;0;-5850;0;-5200;0
506;-13650;0;-13787.5;0;-13650;0
507;-2800;0;-3312.5;0;-2800;0
508;-3750;0;-4425;0;-3750;0
509;-4100;0;-4380;0;-4100;0
510;-3250;0;-12715;0;-3250;0
511;-3550;0;-12212.5;0;-3550;0
512;-2950;0;-9055;0;-2950;0
513;-4050;0;-4272.5;0;-4050;0
514;-2000;0;-3332.5;0;-2000;0
515;-3200;0;-3355;0;-3200;0
516;-3500;0;-4175;0;-3500;0
517;-2550;0;-3125;0;-2550;0
518;-3300;0;-4195;0;-3300;0
519;-14100;0;-14532.5;0;-14100;0
520;-14200;0;-14335;0;-14200;0
521;-3400;0;-3712.5;0;-3400;0
522;-4250;0;-4312.5;0;-4250;0
523;-12100;0;-12292.5;0;-12100;0
524;-12950;0;-13090;0;-12950;0
525;-13050;0;-13185;0;-13050;0
526;-13400;0;-13812.5;0;-13400;0
527;-13550;0;-13750;0;-13550;0
528;-4450;0;-13885;0;-4450;0
529;-5250;0;-5417.5;0;-5250;0
530;-4000;0;-12712.5;0;-4000;0
531;-4300;0;-12235;0;-4300;0
532;-5200;0;-5882.5;0;-5200;0
533;-3300;0;-9137.5;0;-3300;0
534;-4400;0;-12122.5;0;-4400;0
535;-1750;0;-6710;0;-1750;0
536;-4350;0;-4417.5;0;-4350;0
537;-13700;0;-14000;0;-13700;0
538;-12150;0;-12245;0;-12150;0
539;-4050;0;-4280;0;-4050;0
540;-2100;0;-4130;0;-2100;0
541;-2850;0;-11932.5;0;-2850;0
542;-13400;0;-13810;0;-13400;0
543;-3300;0;-3360;0;-3300;0
544;-4350;0;-4397.5;0;-4350;0
545;-2450;0;-3342.5;0;-2450;0
546;-3950;0;-4320;0;-3950;0
547;-3750;0;-5307.5;0;-3750;0
548;-15300;0;-15857.5;0;-15300;0
549;-3350;0;-4495;0;-3350;0
550;-1150;0;-2457.5;0;-1150;0
551;-4100;0;-5287.5;0;-4100;0
552;-14600;0;-14932.5;0;-14600;0
553;-13700;0;-14350;0;-13700;0
554;-2100;0;-3467.5;0;-2100;0
555;-2050;0;-3062.5;0;-2050;0
556;-2600;0;-3072.5;0;-2600;0
557;-3200;0;-3285;0;-3200;0
558;-2900;0;-3287.5;0;-2900;0
559;-3100;0;-3260;0;-3100;0
560;-5100;0;-5227.5;0;-5100;0
561;-3850;0;-4025;0;-3850;0
562;-4050;0;-4137.5;0;-4050;0
563;-14000;0;-14167.5;0;-14000;0
564;-14400;0;-15120;0;-14400;0
565;-3550;0;-4370;0;-3550;0
566;-13250;0;-13957.5;0;-13250;0
567;-2600;0;-3272.5;0;-2600;0
568;-2400;0;-2705;0;-2400;0
569;-2250;0;-3495;0;-2250;0
570;-4800;0;-5125;0;-4800;0
571;-5300;0;-5432.5;0;-5300;0
572;-14150;0;-14660;0;-14150;0
573;-12350;0;-12605;0;-12350;0
574;-3350;0;-3405;0;-3350;0
575;-2450;0;-3280;0;-2450;0
576;-3300;0;-3355;0;-3300;0
577;-2750;0;-3107.5;0;-2750;0
578;-13850;0;-14480;0;-13850;0
579;-4300;0;-4372.5;0;-4300;0
580;-13200;0;-13685;0;-13200;0
581;-3350;0;-3407.5;0;-3350;0
582;-4300;0;-4937.5;0;-4300;0
583;-3200;0;-5585;0;-3200;0
584;-4250;0;-4322.5;0;-4250;0
585;-5250;0;-5397.5;0;-5250;0
586;-2500;0;-3245;0;-2500;0
587;-3200;0;-3302.5;0;-3200;0
588;-3100;0;-3425;0;-3100;0
589;-2350;0;-10465;0;-2350;0
590;-4200;0;-4637.5;0;-4200;0
591;-14300;0;-14640;0;-14300;0
592;-12950;0;-13122.5;0;-12950;0
593;-3800;0;-3997.5;0;-3800;0
594;-13300;0;-13560;0;-13300;0
595;-3350;0;-3422.5;0;-3350;0
596;-4850;0;-5067.5;0;-4850;0
597;-3650;0;-5145;0;-3650;0
598;-13000;0;-13275;0;-13000;0
599;-4350;0;-4507.5;0;-4350;0
600;-5400;0;-12637.5;0;-5400;0
601;-3400;0;-4300;0;-3400;0
602;-2300;0;-3042.5;0;-2300;0
603;-2450;0;-4012.5;0;-2450;0
604;-3500;0;-5087.5;0;-3500;0
605;-3400;0;-9005;0;-3400;0
606;-3800;0;-5105;0;-3800;0
607;-1550;0;-5507.5;0;-1550;0
608;-1550;0;-3795;0;-1550;0
609;-1050;0;-3420;0;-1050;0
610;-2150;0;-3155;0;-2150;0
611;-5950;0;-13857.5;0;-5950;0
612;300;0;-2845;0;300;0
613;-650;0;-4255;0;-650;0
614;-3900;0;-5932.5;0;-3900;0
615;-2050;0;-3280;0;-2050;0
616;-4450;0;-11032.5;0;-4450;0
617;-3050;0;-4300;0;-3050;0
618;-3200;0;-4002.5;0;-3200;0
619;-3650;0;-11652.5;0;-3650;0
620;-13450;0;-13610;0;-13450;0
621;-3850;0;-4355;0;-3850;0
622;-2650;0;-4340;0;-2650;0
623;-2050;0;-3450;0;-2050;0
624;-13000;0;-13420;0;-13000;0
625;-4400;0;-5007.5;0;-4400;0
626;-5100;0;-5242.5;0;-5100;0
627;-3200;0;-11885;0;-3200;0
628;-2050;0;-5110;0;-2050;0
629;-2800;0;-10492.5;0;-2800;0
630;-3250;0;-4832.5;0;-3250;0
631;-1950;0;-5955;0;-1950;0
632;-2700;0;-4087.5;0;-2700;0
633;-3300;0;-3907.5;0;-3300;0
634;-4400;0;-4920;0;-4400;0
635;1950;0;-5290;0;1950;0
636;-2100;0;-4157.5;0;-2100;0
637;-3700;0;-4635;0;-3700;0
638;-2200;0;-6390;0;-2200;0
639;-2550;0;-5415;0;-2550;0
640;-3100;0;-5440;0;-3100;0
641;-2350;0;-6820;0;-2350;0
642;-2700;0;-4362.5;0;-2700;0
643;-4100;0;-7582.5;0;-4100;0
644;-2950;0;-4125;0;-2950;0
645;-2250;0;-7115;0;-2250;0
646;-450;0;-2580;0;-450;0
647;-3300;0;-4895;0;-3300;0
648;-3400;0;-7755;0;-3400;0
649;-3250;0;-5872.5;0;-3250;0
650;-3100;0;-4707.5;0;-3100;0
651;-3000;0;-6422.5;0;-3000;0
652;-2900;0;-3652.5;0;-2900;0
653;-4200;0;-4505;0;-4200;0
654;-5150;0;-5890;0;-5150;0
655;-3900;0;-4350;0;-3900;0
656;-2400;0;-5677.5;0;-2400;0
657;-2900;0;-5687.5;0;-2900;0
658;-4350;0;-4552.5;0;-4350;0
659;-2300;0;-2827.5;0;-2300;0
660;-3200;0;-6357.5;0;-3200;0
661;-5250;0;-13412.5;0;-5250;0
662;2450;0;-3500;0;2450;0
663;206800;0;27550;0;206800;0
664;-4300;0;-4340;0;-4300;0
665;-2400;0;-10112.5;0;-2400;0
666;-1950;0;-2847.5;0;-1950;0
667;-2900;0;-5452.5;0;-2900;0
668;-3700;0;-10825;0;-3700;0
669;201100;0;6920;0;201100;0
670;201150;0;5782.5;0;201150;0
671;150;0;-8217.5;0;150;0
672;800;0;-4002.5;0;800;0
673;204400;0;68840;0;204400;0
674;200400;0;9915;0;200400;0
675;203350;0;83147.5;0;203350;0
676;600;0;-4507.5;0;600;0
677;200300;0;65922.5;0;200300;0
678;200600;0;88650;0;200600;0
679;202750;0;108377.5;0;202750;0
680;201200;0;139730;0;201200;0
681;205200;0;128602.5;0;205200;0
682;200950;0;27162.5;0;200950;0
683;201300;0;46887.5;0;201300;0
684;200700;0;77052.5;0;200700;0
685;201500;0;98560;0;201500;0
686;-3100;0;-11060;0;-3100;0
687;203300;0;108722.5;0;203300;0
688;201500;0;3527.5;0;201500;0
689;203300;0;149280;0;203300;0
690;202950;0;108977.5;0;202950;0
691;202750;0;139507.5;0;202750;0
692;203250;0;42465;0;203250;0
693;201100;0;15177.5;0;201100;0
694;203800;0;118180;0;203800;0
695;200750;0;15477.5;0;200750;0
696;200550;0;45200;0;200550;0
697;204100;0;87792.5;0;204100;0
698;203050;0;54022.5;0;203050;0
699;200350;0;10492.5;0;200350;0
700;200500;0;35912.5;0;200500;0
701;203050;0;170065;0;203050;0
702;200150;0;-275;0;200150;0
703;208600;0;120332.5;0;208600;0
704;201200;0;126765;0;201200;0
705;203800;0;129972.5;0;203800;0
706;200250;0;-715;0;200250;0
707;203700;0;118672.5;0;203700;0
708;201550;0;67177.5;0;201550;0
709;203550;0;72625;0;203550;0
710;202000;0;77912.5;0;202000;0
711;200350;0;12582.5;0;200350;0
712;201500;0;65807.5;0;201500;0
713;200450;0;95080;0;200450;0
714;203650;0;127470;0;203650;0
715;-450;0;-8092.5;0;-450;0
716;202400;0;46640;0;202400;0
717;202000;0;17590;0;202000;0
718;204050;0;88895;0;204050;0
719;204000;0;160210;0;204000;0
720;201600;0;87847.5;0;201600;0
721;-2150;0;-4422.5;0;-2150;0
722;200400;0;46227.5;0;200400;0
723;204200;0;158720;0;204200;0
724;203350;0;67982.5;0;203350;0
725;-300;0;-9160;0;-300;0
726;201250;0;67865;0;201250;0
727;-200;0;-7172.5;0;-200;0
728;202900;0;129077.5;0;202900;0
729;201000;0;46272.5;0;201000;0
730;203100;0;66922.5;0;203100;0
731;202100;0;149142.5;0;202100;0
732;200400;0;5075;0;200400;0
733;200350;0;6537.5;0;200350;0
734;200350;0;6132.5;0;200350;0
735;203350;0;57822.5;0;203350;0
736;203000;0;159925;0;203000;0
737;202950;0;55090;0;202950;0
738;201450;0;149295;0;201450;0
739;201950;0;35320;0;201950;0
740;-450;0;-4780;0;-450;0
741;202650;0;77397.5;0;202650;0
742;202850;0;200757.5;0;202850;0
743;203350;0;169977.5;0;203350;0
744;201100;0;14712.5;0;201100;0
745;203200;0;45852.5;0;203200;0
746;-300;0;-6180;0;-300;0
747;200500;0;46100;0;200500;0
748;202250;0;98067.5;0;202250;0
749;201500;0;13530;0;201500;0
750;900;0;-4480;0;900;0
751;204300;0;116662.5;0;204300;0
752;203400;0;55527.5;0;203400;0
753;200700;0;24615;0;200700;0
754;201350;0;77132.5;0;201350;0
755;200750;0;96405;0;200750;0
756;202500;0;12900;0;202500;0
757;200450;0;5937.5;0;200450;0
758;203600;0;118085;0;203600;0
759;210700;0;170410;0;210700;0
760;202550;0;77237.5;0;202550;0
761;201550;0;87650;0;201550;0
762;201500;0;54810;0;201500;0
763;201950;0;149142.5;0;201950;0
764;202550;0;147985;0;202550;0
765;-16650;0;-16720;0;-16650;0
766;202250;0;55652.5;0;202250;0
767;202200;0;179985;0;202200;0
768;200500;0;-4500;0;200500;0
769;200700;0;66882.5;0;200700;0
770;200550;0;126497.5;0;200550;0
771;202900;0;190170;0;202900;0
772;203100;0;97470;0;203100;0
773;203700;0;24732.5;0;203700;0
774;205850;0;148815;0;205850;0
775;204950;0;66605;0;204950;0
776;204100;0;117932.5;0;204100;0
777;203300;0;97235;0;203300;0
778;200800;0;26280;0;200800;0
779;200650;0;5390;0;200650;0
780;203200;0;97482.5;0;203200;0
781;204400;0;56972.5;0;204400;0
782;200600;0;13062.5;0;200600;0
783;204000;0;87790;0;204000;0
784;201100;0;1470;0;201100;0
785;202800;0;54762.5;0;202800;0
786;203150;0;47040;0;203150;0
787;206450;0;120535;0;206450;0
788;203550;0;98997.5;0;203550;0
789;201450;0;73870;0;201450;0
790;203400;0;170990;0;203400;0
791;200650;0;8565;0;200650;0
792;201200;0;53540;0;201200;0
793;201650;0;25715;0;201650;0
794;202950;0;13920;0;202950;0
795;203700;0;139905;0;203700;0
796;202950;0;33040;0;202950;0
797;202650;0;25760;0;202650;0
798;203600;0;75055;0;203600;0
799;200650;0;36932.5;0;200650;0
800;202950;0;65877.5;0;202950;0
801;-450;0;-14422.5;0;-450;0
802;202000;0;96087.5;0;202000;0
803;200600;0;34272.5;0;200600;0
804;201650;0;13807.5;0;201650;0
805;201750;0;61042.5;0;201750;0
806;201750;0;67592.5;0;201750;0
807;200550;0;66392.5;0;200550;0
808;202700;0;14362.5;0;202700;0
809;205250;0;86522.5;0;205250;0
810;-500;0;-15445;0;-500;0
811;201150;0;54785;0;201150;0
812;200950;0;66305;0;200950;0
813;200350;0;-2077.5;0;200350;0
814;202550;0;64587.5;0;202550;0
815;-5500;0;-11767.5;0;-5500;0
816;203400;0;25050;0;203400;0
817;203050;0;149402.5;0;203050;0
818;205550;0;36405;0;205550;0
819;201250;0;762.5;0;201250;0
820;200600;0;27515;0;200600;0
821;200550;0;37520;0;200550;0
822;200700;0;34052.5;0;200700;0
823;202050;0;169812.5;0;202050;0
824;202950;0;48365;0;202950;0
825;201500;0;169970;0;201500;0
826;203150;0;29110;0;203150;0
827;202200;0;158322.5;0;202200;0
828;201350;0;149355;0;201350;0
829;202450;0;159487.5;0;202450;0
830;205800;0;64675;0;205800;0
831;201900;0;97207.5;0;201900;0
832;-2350;0;-11660;0;-2350;0
833;203700;0;57340;0;203700;0
834;202800;0;58475;0;202800;0
835;-150;0;-7692.5;0;-150;0
836;203500;0;44685;0;203500;0
837;202450;0;138667.5;0;202450;0
838;201650;0;117597.5;0;201650;0
839;201350;0;33237.5;0;201350;0
840;208100;0;95677.5;0;208100;0
841;219900;0;150967.5;0;219900;0
842;201200;0;148292.5;0;201200;0
843;-750;0;-8685;0;-750;0
844;200350;0;6775;0;200350;0
845;200450;0;26767.5;0;200450;0
846;203750;0;93270;0;203750;0
847;-6300;0;-13115;0;-6300;0
848;204750;0;99572.5;0;204750;0
849;204450;0;16837.5;0;204450;0
850;203000;0;47667.5;0;203000;0
851;201850;0;13175;0;201850;0
852;202400;0;42997.5;0;202400;0
853;203100;0;62277.5;0;203100;0
854;208450;0;150530;0;208450;0
855;203400;0;88392.5;0;203400;0
856;201400;0;67075;0;201400;0
857;205950;0;76020;0;205950;0
858;202800;0;95410;0;202800;0
859;204600;0;159397.5;0;204600;0
860;200350;0;33660;0;200350;0
861;-1400;0;-8920;0;-1400;0
862;203400;0;150267.5;0;203400;0
863;700;0;-10542.5;0;700;0
864;203250;0;149782.5;0;203250;0
865;200850;0;116035;0;200850;0
866;200500;0;32497.5;0;200500;0
867;207450;0;53777.5;0;207450;0
868;201500;0;127822.5;0;201500;0
869;202800;0;74882.5;0;202800;0
870;203750;0;160190;0;203750;0
871;203800;0;98190;0;203800;0
872;202750;0;139747.5;0;202750;0
873;200500;0;51670;0;200500;0
874;201500;0;68610;0;201500;0
875;204550;0;159560;0;204550;0
876;202150;0;83845;0;202150;0
877;201250;0;159732.5;0;201250;0
878;201650;0;35252.5;0;201650;0
879;202450;0;21992.5;0;202450;0
880;203050;0;168470;0;203050;0
881;-6450;0;-14827.5;0;-6450;0
882;203100;0;129070;0;203100;0
883;200950;0;64650;0;200950;0
884;202000;0;36362.5;0;202000;0
885;200700;0;11000;0;200700;0
886;203450;0;65862.5;0;203450;0
887;200200;0;2240;0;200200;0
888;203150;0;41560;0;203150;0
889;200550;0;19045;0;200550;0
890;203450;0;137455;0;203450;0
891;202500;0;43225;0;202500;0
892;202000;0;12200;0;202000;0
893;203600;0;29715;0;203600;0
894;201300;0;107625;0;201300;0
895;217850;0;140140;0;217850;0
896;200500;0;9667.5;0;200500;0
897;203600;0;45967.5;0;203600;0
898;206000;0;108022.5;0;206000;0
899;203500;0;66967.5;0;203500;0
900;203350;0;34900;0;203350;0
901;203550;0;159495;0;203550;0
902;204500;0;160810;0;204500;0
903;203300;0;128815;0;203300;0
904;203350;0;108835;0;203350;0
905;203150;0;116585;0;203150;0
906;202600;0;26557.5;0;202600;0
907;200500;0;7175;0;200500;0
908;201650;0;108387.5;0;201650;0
909;201350;0;24520;0;201350;0
910;201300;0;68117.5;0;201300;0
911;204100;0;15660;0;204100;0
912;200350;0;5587.5;0;200350;0
913;203850;0;190297.5;0;203850;0
914;200850;0;75555;0;200850;0
915;202150;0;85442.5;0;202150;0
916;202250;0;35395;0;202250;0
917;205300;0;138947.5;0;205300;0
918;201450;0;34870;0;201450;0
919;201450;0;138370;0;201450;0
920;202500;0;149510;0;202500;0
921;-3450;0;-7385;0;-3450;0
922;200800;0;11292.5;0;200800;0
923;201550;0;86787.5;0;201550;0
924;204350;0;65020;0;204350;0
925;206550;0;37307.5;0;206550;0
926;203400;0;147800;0;203400;0
927;201400;0;169407.5;0;201400;0
928;202150;0;108475;0;202150;0
929;203500;0;180347.5;0;203500;0
930;201600;0;25130;0;201600;0
931;201150;0;53537.5;0;201150;0
932;202700;0;14472.5;0;202700;0
933;200300;0;1622.5;0;200300;0
934;200850;0;46830;0;200850;0
935;200500;0;24777.5;0;200500;0
936;201500;0;4310;0;201500;0
937;202900;0;119242.5;0;202900;0
938;200950;0;127810;0;200950;0
939;202050;0;66070;0;202050;0
940;201950;0;108155;0;201950;0
941;204350;0;18672.5;0;204350;0
942;217900;0;129005;0;217900;0
943;203550;0;108202.5;0;203550;0
944;210100;0;58620;0;210100;0
945;201650;0;107420;0;201650;0
946;202000;0;169875;0;202000;0
947;203150;0;66590;0;203150;0
948;203100;0;127415;0;203100;0
949;203350;0;87300;0;203350;0
950;203850;0;35850;0;203850;0
951;208600;0;170910;0;208600;0
952;200500;0;9355;0;200500;0
953;201400;0;117140;0;201400;0
954;203450;0;26797.5;0;203450;0
955;-2150;0;-11060;0;-2150;0
956;200850;0;44027.5;0;200850;0
957;200950;0;5977.5;0;200950;0
958;202750;0;94762.5;0;202750;0
959;2750;0;-2855;0;2750;0
960;200550;0;3817.5;0;200550;0
961;204400;0;140177.5;0;204400;0
962;-200;0;-5952.5;0;-200;0
963;203200;0;159020;0;203200;0
964;206300;0;86140;0;206300;0
965;201900;0;180155;0;201900;0
966;203050;0;77605;0;203050;0
967;203150;0;76910;0;203150;0
968;201050;0;116507.5;0;201050;0
969;202650;0;108180;0;202650;0
970;200400;0;15360;0;200400;0
971;202650;0;21337.5;0;202650;0
972;202250;0;24805;0;202250;0
973;202650;0;138990;0;202650;0
974;202850;0;160325;0;202850;0
975;203850;0;200905;0;203850;0
976;202150;0;36165;0;202150;0
977;400;0;-6710;0;400;0
978;203100;0;170322.5;0;203100;0
979;201850;0;96200;0;201850;0
980;201850;0;128822.5;0;201850;0
981;200700;0;25855;0;200700;0
982;201750;0;97382.5;0;201750;0
983;-5650;0;-9780;0;-5650;0
984;201650;0;88922.5;0;201650;0
985;202050;0;128800;0;202050;0
986;100;0;-7160;0;100;0
987;1000;0;-9097.5;0;1000;0
988;200500;0;4965;0;200500;0
989;201250;0;147820;0;201250;0
990;-5600;0;-15125;0;-5600;0
991;202150;0;6407.5;0;202150;0
992;204950;0;126397.5;0;204950;0
993;200650;0;36712.5;0;200650;0
994;205250;0;98022.5;0;205250;0
995;214750;0;120367.5;0;214750;0
996;201350;0;46405;0;201350;0
997;201250;0;37502.5;0;201250;0
998;201250;0;76802.5;0;201250;0
999;200800;0;24925;0;200800;0
1000;200800;0;24925;0;200800;0

